<?xml version="1.0" encoding="UTF-8"?>
<addon id="plugin.video.sportstream" name="SportStream" version="1.0" provider-name="Wilson Magic">
    <requires>
        <import addon="xbmc.python" version="2.1.0"/>
    </requires>
    <extension point="xbmc.python.pluginsource" library="main.py">
        <provides>video</provides>
    </extension>
  <extension point="xbmc.addon.metadata">
    <summary lang="en">Sports</summary>
    <description lang="en">SportStream - Because free sports are magical. The most self explanatory addon name ever.</description>
    <language></language>
    <platform>all</platform>
    <license>GNU GENERAL PUBLIC LICENSE. Version 2, June 1991</license>
    <forum></forum>
    <website></website>
    <email></email>  
  </extension>
</addon>