<?xml version="1.0" encoding="UTF-8" standalone="yes"?>
<addon id="plugin.video.ikigai" name="Ikigai" version="1.0.0" provider-name="Wilson Magic">
  <requires>
    <import addon="xbmc.python" version="2.1.0"/>
    <import addon="script.module.requests" version="2.12.4"/>
    <import addon="script.common.plugin.cache" version="2.5.5"/>
  </requires>
  <extension point="xbmc.python.pluginsource" library="default.py">
        <provides>video</provides>
  </extension>
  <extension point="xbmc.addon.metadata">
    <summary lang="en">Watch anime for free, ad free. Ikigai, because anime is magical.</summary>
    <description lang="en">Ikigai[CR]Because Anime is [B]Magical[/B][CR]</description>
    <source></source>
    <platform>all</platform>
  </extension>
</addon>
