<?xml version="1.0" encoding="UTF-8" standalone="yes"?>
<addon id="plugin.video.magitoons" name="Magitoons" version="1.0" provider-name="Wilson Magic">
  <requires>
    <import addon="xbmc.python" version="2.1.0"/>
    <import addon="script.module.addon.common" />
    <import addon="script.module.requests" />
  </requires>
  <extension point="xbmc.python.pluginsource" library="default.py">
    <provides>video</provides>
  </extension>
  <extension point="xbmc.addon.metadata">
    <summary lang="en">Cartoons.</summary>
    <description lang="en">Watch cartoons.</description>
    <disclaimer lang="en"></disclaimer>
    <platform>all</platform>
  </extension>
</addon>
