<?xml version="1.0" encoding="UTF-8" standalone="yes"?>
<addon id="repository.magicality" name="Magicality Repo" version="1.0.0" provider-name="Wilson Magic">
	<extension point="xbmc.addon.repository" name="Magicality Repo">
		<dir>
			<info compressed="false">https://raw.githubusercontent.com/totalrevolution/python-koding/master/zips/addons.xml</info>
			<checksum>https://raw.githubusercontent.com/totalrevolution/python-koding/master/zips/addons.xml.md5</checksum>
			<datadir zip="true">https://raw.githubusercontent.com/totalrevolution/python-koding/master/zips/</datadir>
		</dir>
		<info compressed="false">https://raw.githubusercontent.com/WilsonMagic/repository.magicality/master/zips/addons.xml</info>
		<checksum>https://raw.githubusercontent.com/WilsonMagic/repository.magicality/master/zips/addons.xml.md5</checksum>
		<datadir zip="true">https://raw.githubusercontent.com/WilsonMagic/repository.magicality/master/zips/</datadir>
	</extension>
	<extension point="xbmc.addon.metadata">
		<summary lang="en">Magicality, for all your magical needs</summary>
		<description lang="en">Home of Ikigai, anime for kodi.</description>
		<genre>anime,kids,movies,tvshows,uk,usa</genre>
	</extension>
</addon>