<?xml version="1.0" encoding="UTF-8" standalone="yes"?>
<addon
  id="plugin.video.dramatic"
  version="1.0"
  name="Dramatic"
  provider-name="Wilson Magic">
  <requires>
        <import addon="xbmc.python" version="2.1.0" optional="true" />
		<import addon="script.module.simplejson" />
		<import addon="script.module.beautifulsoup" version="3.0.8"/>
		<import addon="script.module.urlresolver"  version="0.0.1"/>
		<import addon="script.module.t0mm0.common" version="1.1.0"/>
  </requires>
  <extension point="xbmc.python.pluginsource"
            library="default.py">
        <provides>video</provides>
  </extension>
  <extension point="xbmc.addon.metadata">
    <summary>Dramatic - Asian drama for all your inner secret weeb needs.</summary>
    <description>Dramatic - Asian drama for all your inner secret weeb needs. All videos from DramaGo.</description>
    <platform>all</platform>
  </extension>
</addon>