<?xml version="1.0" encoding="UTF-8" standalone="yes"?>
<addon id="plugin.video.ikigai" version="1.0" name="Ikigai" provider-name="Wilson Magic">
	<requires>
		<import addon="xbmc.python" version="2.19.0" />
		<import addon="script.module.requests" />
		<import addon="script.module.resolveurl" />
	</requires>
	<extension point="xbmc.python.pluginsource" library="animeincursion.py">
		<provides>video</provides>
	</extension>
	<extension point="xbmc.addon.metadata">
		<summary lang="en">Ikigai - Anime is our reason for being, our... ikigai.</summary>
		<description lang="en">Ikigai - An add-on for MasterAni.me - This addon does not form part of the Kodi Media Centre. Please do not seek assistance with this addon from any of the Official Kodi Support Channels.[CR][CR]The author does not host any of the content in this addon and takes no responsibility for content found.</description>
		<platform>all</platform>
		<license>GNU GENERAL PUBLIC LICENSE. Version 3, 29 June 2007</license>
		<forum></forum>
		<website></website>
		<source></source>
		<disclaimer lang="en">The author of this addon do not host any of the content which is found and have no affiliation with any of the content providers. This addon simply searches websites for content. Use at your own risk!</disclaimer>
		<assets>
			<icon>icon.png</icon>
			<fanart>fanart.jpg</fanart>
    		</assets>
		<news>v1.0 (Jan-2018)
		- Fixed Threading Issue
		- Android support is now functioning
		</news>
	</extension>
</addon>
