<?xml version="1.0" encoding="UTF-8" standalone="yes"?>
<addon id="plugin.video.hentaihaven" name="Hentai Haven" version="1.0.0" provider-name="Wilson Magic">
	<requires>
		<import addon="xbmc.python" version="2.19.0"/>
		<import addon="script.module.requests"/>
	    <import addon="script.module.beautifulsoup4"/>
	</requires>
	<extension point="xbmc.python.pluginsource" library="default.py">
		<provides>video</provides>
	</extension>
	<extension point="xbmc.addon.metadata">
		<summary lang="en">Hentai Haven - Everything else is irrelevant.</summary>
		<description lang="en">Watch Hentai in high quality, for free provided my hentaihaven.org.</description>
		<platform>all</platform>
	</extension>
</addon>